Museum,Country,City,Website,Museum Type,Exhibition,Old Exhibit,Exhibit Category,Manufacturer,Year,Replacement Year,Current Status,Availability Evidence,Source,Source Date,Contact Name,Contact Position,Email,Phone,LinkedIn,Photo,Video,Acquisition Potential,Priority,Notes,Outreach Status,Museum ID,Exhibit ID,Description,Interactive,Dimensions,Weight,Condition,Fit for TPM,Evidence IDs,Next Step
"Heureka, the Finnish Science Centre",Finland,Vantaa,https://www.heureka.fi/en,science centre,Heureka Overseas Productions — touring exhibitions for rent or sale,"Power of Play (touring exhibition, 600 m², 24 interactive exhibits)","stem, digital_interactive",Unknown — further research required.,Unknown — further research required.,Unknown — further research required.,For sale,"[e2] The HOP catalogue lists touring exhibitions and exhibit copies (e.g. Power of Play, Our Journey in Space, Classic Collection); enquiries to Irmeli Jyrinsalo, hop@heureka.fi. (https://www.heureka.fi/en/pages/hop-catalogue)",https://www.heureka.fi/en/pages/hop-catalogue,Unknown — further research required.,Irmeli Jyrinsalo,"Senior Export Advisor, Heureka Overseas Productions",hop@heureka.fi,Unknown — further research required.,Unknown — further research required.,Unknown — further research required.,Unknown — further research required.,available: yes [e2]; willing to transfer: unknown; willing to sell: yes [e2]; accepts requests: yes [e2]; contact identified: yes; international transfer: unknown,A,Listed as available for travelling from early 2025; ask whether rental only or sale. Availability source is undated — confirm the offer is still open.,not_contacted,heureka,power-of-play,Unknown — further research required.,yes,Unknown — further research required.,Unknown — further research required.,Unknown — further research required.,"Durable, containerised hands-on physics exhibits proven in ~30 countries — easy to ship to Tashkent.",e2,"Ask HOP specifically for used / end-of-tour exhibitions or retired exhibits from Heureka's own floor (not new copies), with prices."
"Heureka, the Finnish Science Centre",Finland,Vantaa,https://www.heureka.fi/en,science centre,Heureka Overseas Productions — touring exhibitions for rent or sale,Heureka's Classic Collection (physics phenomena and optical illusions),"physics, optics, mechanics, stem",Unknown — further research required.,Unknown — further research required.,Unknown — further research required.,For sale,"[e2] The HOP catalogue lists touring exhibitions and exhibit copies (e.g. Power of Play, Our Journey in Space, Classic Collection); enquiries to Irmeli Jyrinsalo, hop@heureka.fi. (https://www.heureka.fi/en/pages/hop-catalogue)",https://www.heureka.fi/en/pages/hop-catalogue,Unknown — further research required.,Irmeli Jyrinsalo,"Senior Export Advisor, Heureka Overseas Productions",hop@heureka.fi,Unknown — further research required.,Unknown — further research required.,Unknown — further research required.,Unknown — further research required.,available: yes [e2]; willing to transfer: unknown; willing to sell: yes [e2]; accepts requests: yes [e2]; contact identified: yes; international transfer: unknown,A,Availability source is undated — confirm the offer is still open.,not_contacted,heureka,classic-collection,Unknown — further research required.,yes,Unknown — further research required.,Unknown — further research required.,Unknown — further research required.,Core hands-on physics/optics exhibits — directly matches TPM's physics and STEM profile.,e2,"Ask HOP specifically for used / end-of-tour exhibitions or retired exhibits from Heureka's own floor (not new copies), with prices."
"Heureka, the Finnish Science Centre",Finland,Vantaa,https://www.heureka.fi/en,science centre,Heureka Overseas Productions — touring exhibitions for rent or sale,Our Journey in Space (touring exhibition),"space, stem",Unknown — further research required.,Unknown — further research required.,Unknown — further research required.,For sale,"[e2] The HOP catalogue lists touring exhibitions and exhibit copies (e.g. Power of Play, Our Journey in Space, Classic Collection); enquiries to Irmeli Jyrinsalo, hop@heureka.fi. (https://www.heureka.fi/en/pages/hop-catalogue)",https://www.heureka.fi/en/pages/hop-catalogue,Unknown — further research required.,Irmeli Jyrinsalo,"Senior Export Advisor, Heureka Overseas Productions",hop@heureka.fi,Unknown — further research required.,Unknown — further research required.,Unknown — further research required.,Unknown — further research required.,available: yes [e2]; willing to transfer: unknown; willing to sell: yes [e2]; accepts requests: yes [e2]; contact identified: yes; international transfer: unknown,A,Availability source is undated — confirm the offer is still open.,not_contacted,heureka,our-journey-in-space,Unknown — further research required.,yes,Unknown — further research required.,Unknown — further research required.,Unknown — further research required.,"Durable, containerised hands-on physics exhibits proven in ~30 countries — easy to ship to Tashkent.",e2,"Ask HOP specifically for used / end-of-tour exhibitions or retired exhibits from Heureka's own floor (not new copies), with prices."
American Museum & Gardens,United Kingdom,Bath,Unknown — further research required.,decorative arts and social history museum,Objects offered for disposal via Find an Object,Singer treadle sewing machine,"mechanics, industrial",Unknown — further research required.,Unknown — further research required.,Unknown — further research required.,Available for transfer,[e1] American Museum & Gardens lists a Singer treadle sewing machine on the Find an Object disposal register. (https://findanobject.collectionstrust.org.uk/objects-for-disposal/singer-treadle-sewing-machine/),https://findanobject.collectionstrust.org.uk/objects-for-disposal/singer-treadle-sewing-machine/,Unknown — further research required.,Unknown — further research required.,Unknown — further research required.,Unknown — further research required.,Unknown — further research required.,Unknown — further research required.,Unknown — further research required.,Unknown — further research required.,available: yes [e1]; willing to transfer: yes [e1]; willing to sell: unknown; accepts requests: unknown; contact identified: yes; international transfer: unknown,A,Availability source is undated — confirm the offer is still open.,not_contacted,american-museum-and-gardens,singer-treadle,Unknown — further research required.,no,Unknown — further research required.,Unknown — further research required.,Unknown — further research required.,"Classic example of domestic mechanical engineering (treadle drive, crank, belt) — low-cost, small object; modest fit.",e1,Low priority — only enquire if bundled with other UK collections for one shipment.
Cambridge Museum of Technology,United Kingdom,Cambridge,https://www.museumoftechnology.com/,technology / industrial heritage museum (Victorian pumping station),Objects offered for disposal via Find an Object,Klischograph (kleischograph) mechanical photo-engraving machine,"industrial, mechanics, electricity",Unknown — further research required.,Unknown — further research required.,Unknown — further research required.,Available for transfer,[e1] Cambridge Museum of Technology lists a kleischograph mechanical photo-engraving machine (60 x 105 x 100 cm) on the Find an Object disposal register. (https://findanobject.collectionstrust.org.uk/objects-for-disposal/kleischograph-engraving-machine/),https://findanobject.collectionstrust.org.uk/objects-for-disposal/kleischograph-engraving-machine/,Unknown — further research required.,Unknown — further research required.,Unknown — further research required.,Unknown — further research required.,Unknown — further research required.,Unknown — further research required.,Unknown — further research required.,Unknown — further research required.,available: yes [e1]; willing to transfer: yes [e1]; willing to sell: unknown; accepts requests: unknown; contact identified: yes; international transfer: unknown,A,Availability source is undated — confirm the offer is still open.,not_contacted,cambridge-museum-of-technology,kleischograph,Grey metal mechanical photo-engraving machine (printing-plate engraving technology).,no,60 cm x 105 cm x 100 cm,Unknown — further research required.,Unknown — further research required.,History of printing / industrial technology; a mid-size machine suitable for a technology-history display.,e1,"Open the listing, confirm it has not expired and whether a non-UK public museum is eligible; enquire via the listing."
Montana Science Center,United States,"Bozeman, Montana",https://montanasciencecenter.org/,hands-on science centre (closed; organisation dissolving),Hands-on science exhibits (whole centre),Interactive hands-on science exhibits (unspecified),"stem, physics",Unknown — further research required.,2001,2024,Available for transfer,[e1] The Montana Science Center closed permanently after 24 September 2024; the board dissolved the organisation and planned to find new homes for exhibits with nonprofits fulfilling similar missions. (https://www.ypradio.org/regional-news/2024-09-26/montana-science-center-closes-after-23-years-in-bozeman),https://www.ypradio.org/regional-news/2024-09-26/montana-science-center-closes-after-23-years-in-bozeman,2024-09-26,Lauri Moss,Board Chair,Unknown — further research required.,Unknown — further research required.,Unknown — further research required.,Unknown — further research required.,Unknown — further research required.,available: yes [e1]; willing to transfer: yes [e1]; willing to sell: unknown; accepts requests: unknown; contact identified: yes; international transfer: unknown,A,Individual exhibits not listed in the sources.,not_contacted,montana-science-center,hands-on-exhibits,Unknown — further research required.,yes,Unknown — further research required.,Unknown — further research required.,Unknown — further research required.,Small-centre hands-on exhibits are robust and suitable for school groups at TPM.,e1,Two years have passed — check whether any exhibits remain unallocated; contact via website/Facebook or the former board chair.
Powerhouse Ultimo (Museum of Applied Arts and Sciences),Australia,Sydney,https://powerhouse.com.au/,"applied arts, science and technology museum",Ultimo revitalisation (closed 4 Feb 2024),"Permanent displays at Ultimo (incl. Catalina flying boat, Locomotive No. 1)",Unknown — further research required.,Unknown — further research required.,Unknown — further research required.,2024,In storage,Potential lead — availability not confirmed.,https://powerhouse.com.au/faq,Unknown — further research required.,Unknown — further research required.,Unknown — further research required.,Unknown — further research required.,Unknown — further research required.,Unknown — further research required.,Unknown — further research required.,Unknown — further research required.,available: unknown; willing to transfer: unknown; willing to sell: unknown; accepts requests: unknown; contact identified: no; international transfer: unknown,B,,not_contacted,powerhouse-ultimo,,Unknown — further research required.,,Unknown — further research required.,Unknown — further research required.,Unknown — further research required.,"Engineering, transport and technology galleries closely match TPM's themes.","e1, e2, e3",Ask Powerhouse whether any non-collection exhibition infrastructure or interactives from the former Ultimo galleries are surplus; accessioned objects are under NSW collection rules.
Technopolis,Belgium,Mechelen,https://www.technopolis.be/,"science centre (Flemish science & technology ""doe-centrum"")",Main exhibition (hoofdexpo) renewal,Previous main exhibition installations (partly retained),Unknown — further research required.,Unknown — further research required.,Unknown — further research required.,2022,Already replaced,Potential lead — availability not confirmed.,https://www.technopolis.be/en/expositions/new-main-exhibition/,Unknown — further research required.,Unknown — further research required.,Unknown — further research required.,Unknown — further research required.,Unknown — further research required.,Unknown — further research required.,Unknown — further research required.,Unknown — further research required.,available: unknown; willing to transfer: unknown; willing to sell: unknown; accepts requests: unknown; contact identified: no; international transfer: unknown,B,,not_contacted,technopolis-mechelen,,Unknown — further research required.,,Unknown — further research required.,Unknown — further research required.,Unknown — further research required.,Technopolis is a technology-focused hands-on centre; its retired installations match TPM's profile.,"e1, e2, e3","Ask Technopolis what happened to the installations removed in the 2022 renewal (stored, sold, reused)."
Ontario Science Centre,Canada,Toronto,https://www.ontariosciencecentre.ca/,science centre (provincial agency),Don Mills building permanent exhibitions,Exhibit halls at 770 Don Mills Road,Unknown — further research required.,Unknown — further research required.,1969,2024,In storage,Potential lead — availability not confirmed.,https://globalnews.ca/news/11252077/ont-science-centre/,2025,Unknown — further research required.,Unknown — further research required.,Unknown — further research required.,Unknown — further research required.,Unknown — further research required.,Unknown — further research required.,Unknown — further research required.,available: unknown; willing to transfer: unknown; willing to sell: unknown; accepts requests: unknown; contact identified: no; international transfer: unknown,B,,not_contacted,ontario-science-centre,,Unknown — further research required.,,Unknown — further research required.,Unknown — further research required.,Unknown — further research required.,One of the world's pioneering hands-on science centres — its classic physics/engineering exhibits match TPM's profile.,"e1, e2, e3","Ask the Ontario Science Centre (collections/exhibits) whether exhibits in storage that will not move to Ontario Place will be declared surplus, and the disposal route (Ontario public-asset rules)."
Deutsches Museum,Germany,Munich,https://www.deutsches-museum.de/,science and technology museum,Zukunftsinitiative — second construction phase (Museumsinsel),"Remaining ""old"" exhibitions in the second construction section",Unknown — further research required.,Unknown — further research required.,Unknown — further research required.,2022–2028,In storage,Potential lead — availability not confirmed.,https://www.deutsches-museum.de/museum/geschichte/die-zukunftsinitiative,Unknown — further research required.,Unknown — further research required.,Unknown — further research required.,Unknown — further research required.,Unknown — further research required.,Unknown — further research required.,Unknown — further research required.,Unknown — further research required.,available: unknown; willing to transfer: unknown; willing to sell: unknown; accepts requests: unknown; contact identified: no; international transfer: unknown,B,,not_contacted,deutsches-museum,,Unknown — further research required.,,Unknown — further research required.,Unknown — further research required.,Unknown — further research required.,"Engineering, power machinery and aviation displays match TPM's core themes.","e1, e2","Ask the Deutsches Museum whether non-collection items from dismantled galleries (demonstration rigs, models, interactive stations, showcases) are being disposed of — accessioned objects will normally stay in the collection."
Miraikan – The National Museum of Emerging Science and Innovation,Japan,Tokyo,https://www.miraikan.jst.go.jp/en/,national science museum (JST),Permanent exhibition renewal 2023,Previous permanent exhibition zones,Unknown — further research required.,Unknown — further research required.,Unknown — further research required.,2023,Already replaced,Potential lead — availability not confirmed.,https://www.miraikan.jst.go.jp/en/resources/exhibitions2023.html,2023-11-22,Unknown — further research required.,Unknown — further research required.,Unknown — further research required.,Unknown — further research required.,Unknown — further research required.,Unknown — further research required.,Unknown — further research required.,available: unknown; willing to transfer: unknown; willing to sell: unknown; accepts requests: unknown; contact identified: no; international transfer: unknown,B,,not_contacted,miraikan,,Unknown — further research required.,,Unknown — further research required.,Unknown — further research required.,Unknown — further research required.,Robotics and emerging-technology exhibits match TPM's robotics / digital interactive priorities.,e1,"Ask Miraikan (JST) what happened to exhibits and robots from the pre-2023 permanent zones (e.g. retired robot demonstrations, previous Geo-Cosmos panels)."
Glasgow Science Centre,United Kingdom,Glasgow,https://www.glasgowsciencecentre.org/,science centre,Science Mall floor refurbishment (MindWorks),An entire floor of older exhibits,Unknown — further research required.,Unknown — further research required.,Unknown — further research required.,Unknown — further research required.,Already replaced,Potential lead — availability not confirmed.,https://blooloop.com/museum/news/glasgow-science-centre-revamp/,Unknown — further research required.,Unknown — further research required.,Unknown — further research required.,Unknown — further research required.,Unknown — further research required.,Unknown — further research required.,Unknown — further research required.,Unknown — further research required.,available: unknown; willing to transfer: unknown; willing to sell: unknown; accepts requests: unknown; contact identified: no; international transfer: unknown,B,Year of the MindWorks replacement not captured — verify.,not_contacted,glasgow-science-centre,,Unknown — further research required.,,Unknown — further research required.,Unknown — further research required.,Unknown — further research required.,Large UK science centre with engineering-oriented hands-on exhibits.,e1,Ask GSC whether exhibits removed from the Science Mall floors are stored or available.
Academy of Natural Sciences of Drexel University,United States,"Philadelphia, Pennsylvania",https://ansp.org/,natural history museum (public museum closing; research institution continues),Public museum galleries (closing 2026),"Dinosaur Hall, 37 habitat dioramas, hands-on ""big dig""",Unknown — further research required.,Unknown — further research required.,Unknown — further research required.,2026,Being replaced,Potential lead — availability not confirmed.,https://drexel.edu/news/archive/2026/September/Academy-of-Natural-Sciences-museum-collections-message,2026-09,Unknown — further research required.,Unknown — further research required.,Unknown — further research required.,Unknown — further research required.,Unknown — further research required.,Unknown — further research required.,Unknown — further research required.,available: unknown; willing to transfer: unknown; willing to sell: unknown; accepts requests: unknown; contact identified: no; international transfer: unknown,B,,not_contacted,academy-of-natural-sciences,,Unknown — further research required.,,Unknown — further research required.,Unknown — further research required.,Unknown — further research required.,Gallery infrastructure only; natural-history content is outside TPM's core profile.,"e1, e2, e3","Low thematic fit (natural history). Only ask about non-accessioned exhibit infrastructure (showcases, AV, hands-on stations) if TPM needs gallery furniture."
"Museum of Science & Innovation (MOSI, formerly Museum of Science & Industry)",United States,"Tampa, Florida",https://mosi.org/,science centre,Main building legacy exhibits,"Legacy exhibits incl. The Amazing You, Weathering The Storm",Unknown — further research required.,Unknown — further research required.,Unknown — further research required.,2017,Already replaced,Potential lead — availability not confirmed.,https://www.wusf.org/science-space/2026-01-28/tampas-mosi-gets-a-new-name-and-an-expanded-learning-space,2026-01-28,Unknown — further research required.,Unknown — further research required.,Unknown — further research required.,Unknown — further research required.,Unknown — further research required.,Unknown — further research required.,Unknown — further research required.,available: unknown; willing to transfer: unknown; willing to sell: unknown; accepts requests: unknown; contact identified: no; international transfer: unknown,B,,not_contacted,mosi-tampa,,Unknown — further research required.,,Unknown — further research required.,Unknown — further research required.,Unknown — further research required.,,"e1, e2",Low priority — the 2017 legacy exhibits were largely eliminated or sold; ask only whether any remain in storage.
"Museum of Science, Boston",United States,"Boston, Massachusetts",https://www.mos.org/,science museum / science centre,Blue Wing renovation — Public Science Common,Museum Then and Now; Garden Walk; Insect Zoo (closed 2024–2025),Unknown — further research required.,Unknown — further research required.,Unknown — further research required.,2024–2026,Already replaced,Potential lead — availability not confirmed.,https://www.mos.org/public-science-common/construction-updates,2025,Unknown — further research required.,Unknown — further research required.,Unknown — further research required.,Unknown — further research required.,Unknown — further research required.,Unknown — further research required.,Unknown — further research required.,available: unknown; willing to transfer: unknown; willing to sell: unknown; accepts requests: unknown; contact identified: no; international transfer: unknown,B,,not_contacted,museum-of-science-boston,,Unknown — further research required.,,Unknown — further research required.,Unknown — further research required.,Unknown — further research required.,MoS Boston interactives are high quality and engineering-focused.,"e1, e2",Ask the exhibits department what happened to components of the closed Blue Wing exhibits.
Pacific Science Center,United States,"Seattle, Washington",https://pacificsciencecenter.org/,science centre,Campus reduction and exhibit refresh (2025–2026),Dinosaurs (1986–2025) and part of the Ackerley Family Exhibit Gallery,Unknown — further research required.,Unknown — further research required.,Unknown — further research required.,2025,Already replaced,Potential lead — availability not confirmed.,https://www.king5.com/article/news/local/pacific-science-center-close-five-weeks-40-year-old-dinosaur-exhibit-going-extinct/281-3d79bf1b-d0fa-402d-9e8d-d55e9ea612f9,2025-09,Unknown — further research required.,Unknown — further research required.,Unknown — further research required.,Unknown — further research required.,Unknown — further research required.,Unknown — further research required.,Unknown — further research required.,available: unknown; willing to transfer: unknown; willing to sell: unknown; accepts requests: unknown; contact identified: no; international transfer: unknown,B,,not_contacted,pacific-science-center,,Unknown — further research required.,,Unknown — further research required.,Unknown — further research required.,Unknown — further research required.,Classic US science-centre interactives suit TPM's hands-on STEM programme.,"e1, e2, e3",Ask which exhibits from the sold part of the Ackerley gallery were removed and whether physics/tech interactives are surplus.
Science Centre Singapore,Singapore,Singapore (Jurong East),https://www.science.edu.sg/,science centre (statutory board),"Jurong East galleries (current building, opened 1977)",850+ exhibits in eight galleries at 15 Science Centre Road,Unknown — further research required.,Unknown — further research required.,1977,2027,Still in use,Potential lead — availability not confirmed.,https://www.science.edu.sg/about-us/new-science-centre,Unknown — further research required.,Unknown — further research required.,Unknown — further research required.,Unknown — further research required.,Unknown — further research required.,Unknown — further research required.,Unknown — further research required.,Unknown — further research required.,available: unknown; willing to transfer: unknown; willing to sell: unknown; accepts requests: unknown; contact identified: no; international transfer: unknown,C,,not_contacted,science-centre-singapore,,Unknown — further research required.,,Unknown — further research required.,Unknown — further research required.,Unknown — further research required.,"Large, well-maintained interactive collection in English; timing allows planned transfer rather than emergency disposal.","e1, e2, e3",Contact the Science Centre's exhibitions/facilities team now — before the 2027 move — to ask which current exhibits will not be transferred to the new building.
Glasgow Science Centre,United Kingdom,Glasgow,https://www.glasgowsciencecentre.org/,science centre,Connect programme (£4m),Unknown — further research required.,Unknown — further research required.,Unknown — further research required.,Unknown — further research required.,2021,Unknown,Potential lead — availability not confirmed.,https://www.glasgowsciencecentre.org/our-blog/our-outer-space-transformation,2021,Unknown — further research required.,Unknown — further research required.,Unknown — further research required.,Unknown — further research required.,Unknown — further research required.,Unknown — further research required.,Unknown — further research required.,available: unknown; willing to transfer: unknown; willing to sell: unknown; accepts requests: unknown; contact identified: no; international transfer: unknown,C,,not_contacted,glasgow-science-centre,,Unknown — further research required.,,Unknown — further research required.,Unknown — further research required.,Unknown — further research required.,Large UK science centre with engineering-oriented hands-on exhibits.,"e2, e3",Ask GSC whether exhibits removed from the Science Mall floors are stored or available.
National Railway Museum,United Kingdom,York,https://www.railwaymuseum.org.uk/,transport (railway) museum — Science Museum Group,Vision 2025 masterplan,Unknown — further research required.,Unknown — further research required.,Unknown — further research required.,Unknown — further research required.,2023–2026,Unknown,Potential lead — availability not confirmed.,https://www.railwaymuseum.org.uk/about-us/press-office/national-railway-museum-opens-wonderlab-bramall-gallery,2023-07,Unknown — further research required.,Unknown — further research required.,Unknown — further research required.,Unknown — further research required.,Unknown — further research required.,Unknown — further research required.,Unknown — further research required.,available: unknown; willing to transfer: unknown; willing to sell: unknown; accepts requests: unknown; contact identified: no; international transfer: unknown,C,,not_contacted,national-railway-museum,,Unknown — further research required.,,Unknown — further research required.,Unknown — further research required.,Unknown — further research required.,Railway technology is a core TPM theme (Uzbekistan's railway heritage).,"e1, e2","Ask NRM/SMG to notify TPM of future rolling-stock or engineering-object transfers (duplicates), and whether non-UK public museums are eligible."
Techniquest,United Kingdom,Cardiff,https://www.techniquest.org/,science discovery centre,Science Capital refurbishment,"Original Techniquest exhibits (some kept in a ""Retro"" area)",Unknown — further research required.,Unknown — further research required.,Unknown — further research required.,2020,Still in use,Potential lead — availability not confirmed.,https://www.techniquest.org/blog/reveal-brand-new-exhibits/,2020,Unknown — further research required.,Unknown — further research required.,Unknown — further research required.,Unknown — further research required.,Unknown — further research required.,Unknown — further research required.,Unknown — further research required.,available: unknown; willing to transfer: unknown; willing to sell: unknown; accepts requests: unknown; contact identified: no; international transfer: unknown,C,,not_contacted,techniquest,,Unknown — further research required.,,Unknown — further research required.,Unknown — further research required.,Unknown — further research required.,,"e1, e2",Lead only — ask whether any pre-2020 exhibits not kept in the Retro area were retained in store.
We The Curious,United Kingdom,Bristol,https://www.wethecurious.org/,science centre,Reopening after the 2022 rooftop fire,Existing exhibits (some restored),Unknown — further research required.,Unknown — further research required.,Unknown — further research required.,2024,Still in use,Potential lead — availability not confirmed.,https://museumsandheritage.com/advisor/posts/a-whirlwind-we-the-curious-reopens-two-years-after-fire/,2024-07,Unknown — further research required.,Unknown — further research required.,Unknown — further research required.,Unknown — further research required.,Unknown — further research required.,Unknown — further research required.,Unknown — further research required.,available: unknown; willing to transfer: unknown; willing to sell: unknown; accepts requests: unknown; contact identified: no; international transfer: unknown,C,,not_contacted,we-the-curious,,Unknown — further research required.,,Unknown — further research required.,Unknown — further research required.,Unknown — further research required.,,e1,No opportunity found — exhibits returned to use after the fire. Re-check in 12 months.
Canada Science and Technology Museum (Ingenium),Canada,Ottawa,https://ingenium.ca/scitech/en/,national science and technology museum,"Collection deaccessioning (duplicates, over-represented, poor condition, hazardous)",Unknown — further research required.,Unknown — further research required.,Unknown — further research required.,Unknown — further research required.,Unknown — further research required.,Unknown,Unknown — further research required.,https://ingenium.ca/en/collections-research/collection/,Unknown — further research required.,Unknown — further research required.,Unknown — further research required.,Unknown — further research required.,Unknown — further research required.,Unknown — further research required.,Unknown — further research required.,Unknown — further research required.,available: unknown; willing to transfer: unknown; willing to sell: unknown; accepts requests: unknown; contact identified: no; international transfer: unknown,—,,not_contacted,ingenium-cstm,,Unknown — further research required.,,Unknown — further research required.,Unknown — further research required.,Unknown — further research required.,"Canada's national technology collection (rail, aviation, engines, communications) overlaps with TPM's themes.","e1, e2",Ask Ingenium whether deaccessioned objects declined by Canadian museums may be offered to foreign public museums before disposal.
National Railway Museum,United Kingdom,York,https://www.railwaymuseum.org.uk/,transport (railway) museum — Science Museum Group,Rolling-stock collection review,LSWR T3 class locomotive No. 563,railway,Unknown — further research required.,Unknown — further research required.,Unknown — further research required.,Already transferred/sold to another party,No — already transferred/sold to another party.,https://www.museumsassociation.org/museums-journal/news/2017/08/23082017-national-railway-museum-in-disposal-controversy/,2017-08-23,Unknown — further research required.,Unknown — further research required.,Unknown — further research required.,Unknown — further research required.,Unknown — further research required.,Unknown — further research required.,Unknown — further research required.,available: yes [e3]; willing to transfer: unknown; willing to sell: unknown; accepts requests: unknown; contact identified: no; international transfer: unknown,—,Transferred to the Swanage Railway in 2017.,not_contacted,national-railway-museum,t3-563,Unknown — further research required.,,Unknown — further research required.,Unknown — further research required.,Unknown — further research required.,Railway technology is a core TPM theme (Uzbekistan's railway heritage).,e3,"Ask NRM/SMG to notify TPM of future rolling-stock or engineering-object transfers (duplicates), and whether non-UK public museums are eligible."
National Railway Museum,United Kingdom,York,https://www.railwaymuseum.org.uk/,transport (railway) museum — Science Museum Group,Rolling-stock collection review,British Railways Southern Region 4VEP electric multiple unit,railway,Unknown — further research required.,Unknown — further research required.,Unknown — further research required.,Already transferred/sold to another party,No — already transferred/sold to another party.,https://www.sciencemuseumgroup.org.uk/our-work/our-collection/managing-collection,Unknown — further research required.,Unknown — further research required.,Unknown — further research required.,Unknown — further research required.,Unknown — further research required.,Unknown — further research required.,Unknown — further research required.,Unknown — further research required.,available: unknown; willing to transfer: unknown; willing to sell: unknown; accepts requests: unknown; contact identified: no; international transfer: unknown,—,Collected by the East Kent Railway in late 2016.,not_contacted,national-railway-museum,4vep,Unknown — further research required.,,Unknown — further research required.,Unknown — further research required.,Unknown — further research required.,Railway technology is a core TPM theme (Uzbekistan's railway heritage).,e4,"Ask NRM/SMG to notify TPM of future rolling-stock or engineering-object transfers (duplicates), and whether non-UK public museums are eligible."
Science Museum Group (collection),United Kingdom,London / Wroughton,https://www.sciencemuseumgroup.org.uk/,national science and technology museum group,Collection transfers to other museums (rationalisation),Altair computer and components,computing,Unknown — further research required.,Unknown — further research required.,Unknown — further research required.,Already transferred/sold to another party,No — already transferred/sold to another party.,https://www.sciencemuseumgroup.org.uk/our-work/our-collection/managing-collection,Unknown — further research required.,Unknown — further research required.,Unknown — further research required.,Unknown — further research required.,Unknown — further research required.,Unknown — further research required.,Unknown — further research required.,Unknown — further research required.,available: unknown; willing to transfer: unknown; willing to sell: unknown; accepts requests: unknown; contact identified: no; international transfer: unknown,—,"Transferred in 2015 to the Centre for Computing History, Cambridge.",not_contacted,science-museum-group,altair,Unknown — further research required.,,Unknown — further research required.,Unknown — further research required.,Unknown — further research required.,The national science and industry collection overlaps closely with TPM's themes.,e1,Ask SMG's collections team whether overseas public museums can be considered for transfers and how to register interest.
Science Museum Group (collection),United Kingdom,London / Wroughton,https://www.sciencemuseumgroup.org.uk/,national science and technology museum group,Collection transfers to other museums (rationalisation),100+ 1950s domestic electrical items from the Science and Industry Museum Electricity Gallery,electricity,Unknown — further research required.,Unknown — further research required.,Unknown — further research required.,Already transferred/sold to another party,No — already transferred/sold to another party.,https://www.sciencemuseumgroup.org.uk/our-work/our-collection/managing-collection,Unknown — further research required.,Unknown — further research required.,Unknown — further research required.,Unknown — further research required.,Unknown — further research required.,Unknown — further research required.,Unknown — further research required.,Unknown — further research required.,available: unknown; willing to transfer: unknown; willing to sell: unknown; accepts requests: unknown; contact identified: no; international transfer: unknown,—,Moved to Beamish Museum in 2016.,not_contacted,science-museum-group,electricity-gallery-1950s,Unknown — further research required.,,Unknown — further research required.,Unknown — further research required.,Unknown — further research required.,The national science and industry collection overlaps closely with TPM's themes.,e1,Ask SMG's collections team whether overseas public museums can be considered for transfers and how to register interest.
Museum of Arts & Sciences (MOAS),United States,"Daytona Beach, Florida",https://www.moas.org/,art and science museum (with children's science museum),Children's Museum (closed Aug 2025 for expansion),Children's Museum interactive elements,Unknown — further research required.,Unknown — further research required.,Unknown — further research required.,2025,Already transferred/sold to another party,No — already transferred/sold to another party.,https://www.observerlocalnews.com/news/2025/aug/08/moas-closes-childrens-museum-marking-start-of-upcoming-major-transformation/,2025-08-08,Unknown — further research required.,Unknown — further research required.,Unknown — further research required.,Unknown — further research required.,Unknown — further research required.,Unknown — further research required.,Unknown — further research required.,available: unknown; willing to transfer: unknown; willing to sell: unknown; accepts requests: unknown; contact identified: no; international transfer: unknown,—,,not_contacted,moas-daytona,,Unknown — further research required.,,Unknown — further research required.,Unknown — further research required.,Unknown — further research required.,,e1,No opportunity — interactives already committed to a local school. Watch the expansion for future replacements.
