Museum ID,Museum,Local Name,Country,City,Website,Museum Type,Parent Org,General Email,Phone,LinkedIn,Priority,Chain Stage,Availability,Exhibitions Tracked,Exhibits Tracked,Evidence Count,Outreach Status,Next Step,Last Updated
heureka,"Heureka, the Finnish Science Centre",Tiedekeskus Heureka,Finland,Vantaa,https://www.heureka.fi/en,science centre,,,,,A,5,Yes — availability confirmed by source (see evidence).,1,3,2,not_contacted,"Ask HOP specifically for used / end-of-tour exhibitions or retired exhibits from Heureka's own floor (not new copies), with prices.",2026-09-30
american-museum-and-gardens,American Museum & Gardens,,United Kingdom,Bath,,decorative arts and social history museum,,,,,A,5,Yes — availability confirmed by source (see evidence).,1,1,1,not_contacted,Low priority — only enquire if bundled with other UK collections for one shipment.,2026-09-30
cambridge-museum-of-technology,Cambridge Museum of Technology,,United Kingdom,Cambridge,https://www.museumoftechnology.com/,technology / industrial heritage museum (Victorian pumping station),,,,,A,5,Yes — availability confirmed by source (see evidence).,1,1,2,not_contacted,"Open the listing, confirm it has not expired and whether a non-UK public museum is eligible; enquire via the listing.",2026-09-30
montana-science-center,Montana Science Center,,United States,"Bozeman, Montana",https://montanasciencecenter.org/,hands-on science centre (closed; organisation dissolving),,,,,A,5,Yes — availability confirmed by source (see evidence).,1,1,2,not_contacted,Two years have passed — check whether any exhibits remain unallocated; contact via website/Facebook or the former board chair.,2026-09-30
powerhouse-ultimo,Powerhouse Ultimo (Museum of Applied Arts and Sciences),,Australia,Sydney,https://powerhouse.com.au/,"applied arts, science and technology museum",,,,,B,4,Potential lead — availability not confirmed.,1,0,3,not_contacted,Ask Powerhouse whether any non-collection exhibition infrastructure or interactives from the former Ultimo galleries are surplus; accessioned objects are under NSW collection rules.,2026-09-30
technopolis-mechelen,Technopolis,,Belgium,Mechelen,https://www.technopolis.be/,"science centre (Flemish science & technology ""doe-centrum"")",,,,,B,3,Potential lead — availability not confirmed.,1,0,3,not_contacted,"Ask Technopolis what happened to the installations removed in the 2022 renewal (stored, sold, reused).",2026-09-30
ontario-science-centre,Ontario Science Centre,,Canada,Toronto,https://www.ontariosciencecentre.ca/,science centre (provincial agency),,,,,B,4,Potential lead — availability not confirmed.,1,0,4,not_contacted,"Ask the Ontario Science Centre (collections/exhibits) whether exhibits in storage that will not move to Ontario Place will be declared surplus, and the disposal route (Ontario public-asset rules).",2026-09-30
deutsches-museum,Deutsches Museum,,Germany,Munich,https://www.deutsches-museum.de/,science and technology museum,,,,,B,4,Potential lead — availability not confirmed.,1,0,2,not_contacted,"Ask the Deutsches Museum whether non-collection items from dismantled galleries (demonstration rigs, models, interactive stations, showcases) are being disposed of — accessioned objects will normally stay in the collection.",2026-09-30
miraikan,Miraikan – The National Museum of Emerging Science and Innovation,日本科学未来館,Japan,Tokyo,https://www.miraikan.jst.go.jp/en/,national science museum (JST),,,,,B,3,Potential lead — availability not confirmed.,1,0,1,not_contacted,"Ask Miraikan (JST) what happened to exhibits and robots from the pre-2023 permanent zones (e.g. retired robot demonstrations, previous Geo-Cosmos panels).",2026-09-30
glasgow-science-centre,Glasgow Science Centre,,United Kingdom,Glasgow,https://www.glasgowsciencecentre.org/,science centre,,,,,B,3,Potential lead — availability not confirmed.,2,0,3,not_contacted,Ask GSC whether exhibits removed from the Science Mall floors are stored or available.,2026-09-30
academy-of-natural-sciences,Academy of Natural Sciences of Drexel University,,United States,"Philadelphia, Pennsylvania",https://ansp.org/,natural history museum (public museum closing; research institution continues),,,,,B,3,Potential lead — availability not confirmed.,1,0,3,not_contacted,"Low thematic fit (natural history). Only ask about non-accessioned exhibit infrastructure (showcases, AV, hands-on stations) if TPM needs gallery furniture.",2026-09-30
mosi-tampa,"Museum of Science & Innovation (MOSI, formerly Museum of Science & Industry)",,United States,"Tampa, Florida",https://mosi.org/,science centre,,,,,B,3,Potential lead — availability not confirmed.,1,0,2,not_contacted,Low priority — the 2017 legacy exhibits were largely eliminated or sold; ask only whether any remain in storage.,2026-09-30
museum-of-science-boston,"Museum of Science, Boston",,United States,"Boston, Massachusetts",https://www.mos.org/,science museum / science centre,,,,,B,3,Potential lead — availability not confirmed.,1,0,2,not_contacted,Ask the exhibits department what happened to components of the closed Blue Wing exhibits.,2026-09-30
pacific-science-center,Pacific Science Center,,United States,"Seattle, Washington",https://pacificsciencecenter.org/,science centre,,,,,B,3,Potential lead — availability not confirmed.,1,0,3,not_contacted,Ask which exhibits from the sold part of the Ackerley gallery were removed and whether physics/tech interactives are surplus.,2026-09-30
science-centre-singapore,Science Centre Singapore,,Singapore,Singapore (Jurong East),https://www.science.edu.sg/,science centre (statutory board),,,,,C,2,Potential lead — availability not confirmed.,1,0,3,not_contacted,Contact the Science Centre's exhibitions/facilities team now — before the 2027 move — to ask which current exhibits will not be transferred to the new building.,2026-09-30
national-railway-museum,National Railway Museum,,United Kingdom,York,https://www.railwaymuseum.org.uk/,transport (railway) museum — Science Museum Group,Science Museum Group,,,,C,2,Potential lead — availability not confirmed.,2,2,4,not_contacted,"Ask NRM/SMG to notify TPM of future rolling-stock or engineering-object transfers (duplicates), and whether non-UK public museums are eligible.",2026-09-30
science-museum-group,Science Museum Group (collection),,United Kingdom,London / Wroughton,https://www.sciencemuseumgroup.org.uk/,national science and technology museum group,,,,,C,2,Potential lead — availability not confirmed.,1,2,2,not_contacted,Ask SMG's collections team whether overseas public museums can be considered for transfers and how to register interest.,2026-09-30
techniquest,Techniquest,,United Kingdom,Cardiff,https://www.techniquest.org/,science discovery centre,,,,,C,2,Potential lead — availability not confirmed.,1,0,2,not_contacted,Lead only — ask whether any pre-2020 exhibits not kept in the Retro area were retained in store.,2026-09-30
we-the-curious,We The Curious,,United Kingdom,Bristol,https://www.wethecurious.org/,science centre,,,,,C,2,Potential lead — availability not confirmed.,1,0,1,not_contacted,No opportunity found — exhibits returned to use after the fire. Re-check in 12 months.,2026-09-30
ingenium-cstm,Canada Science and Technology Museum (Ingenium),,Canada,Ottawa,https://ingenium.ca/scitech/en/,national science and technology museum,Ingenium – Canada's Museums of Science and Innovation,,,,—,1,Unknown — further research required.,1,0,2,not_contacted,Ask Ingenium whether deaccessioned objects declined by Canadian museums may be offered to foreign public museums before disposal.,2026-09-30
moas-daytona,Museum of Arts & Sciences (MOAS),,United States,"Daytona Beach, Florida",https://www.moas.org/,art and science museum (with children's science museum),,,,,—,1,Unknown — further research required.,1,0,1,not_contacted,No opportunity — interactives already committed to a local school. Watch the expansion for future replacements.,2026-09-30
