Museum ID,Museum,Evidence ID,URL,Title,Publisher,Source Type,Source Date,Accessed,Language,Claim,Excerpt,Verbatim,Signals,Verified Via
academy-of-natural-sciences,Academy of Natural Sciences of Drexel University,e1,https://www.inquirer.com/education/academy-of-natural-sciences-closing-museum-philadelphia-20260901.html,The Academy of Natural Sciences is closing its museum after nearly two centuries,The Philadelphia Inquirer,news,2026-09-01,2026-09-30,,Drexel's Academy of Natural Sciences is closing its public museum (opened 1828) citing financial pressures and low attendance; operations end 30 September 2026.,,no,closure,web_search_snippet
academy-of-natural-sciences,Academy of Natural Sciences of Drexel University,e2,https://extinctmonsters.net/2026/09/05/academy-of-natural-sciences-museum-to-close/,Academy of Natural Sciences museum to close | EXTINCT MONSTERS,Extinct Monsters (blog),other,2026-09-05,2026-09-30,,"A specialist blog says non-accessioned exhibit components are likely to be sold off or discarded, including dismantling of the dioramas and the dinosaur hall.",,no,exhibit_replaced,web_search_snippet
academy-of-natural-sciences,Academy of Natural Sciences of Drexel University,e3,https://drexel.edu/news/archive/2026/September/Academy-of-Natural-Sciences-museum-collections-message,Preserving the Academy of Natural Sciences' Legacy and Collections for the Future,Drexel University,official_site,2026-09,2026-09-30,,"Drexel states the collections and research continue; it will look for new, financially sustainable ways to display elements of the collection.",,no,closure,web_search_snippet
american-museum-and-gardens,American Museum & Gardens,e1,https://findanobject.collectionstrust.org.uk/objects-for-disposal/singer-treadle-sewing-machine/,Singer Treadle Sewing Machine - Collections Trust Find an Object,Collections Trust (Find an Object),association,,2026-09-30,,American Museum & Gardens lists a Singer treadle sewing machine on the Find an Object disposal register.,Singer Treadle Sewing Machine available from American Museum and Gardens.,no,"available_transfer, deaccession_in_progress",web_search_snippet
cambridge-museum-of-technology,Cambridge Museum of Technology,e1,https://findanobject.collectionstrust.org.uk/objects-for-disposal/kleischograph-engraving-machine/,Kleischograph engraving machine - Collections Trust Find an Object,Collections Trust (Find an Object),association,,2026-09-30,,Cambridge Museum of Technology lists a kleischograph mechanical photo-engraving machine (60 x 105 x 100 cm) on the Find an Object disposal register.,"A grey metal kleischograph, or mechanical photo-engraving machine, 60cm x 105cm x 100cm, posted by Cambridge Museum of Technology.",no,"available_transfer, deaccession_in_progress",web_search_snippet
cambridge-museum-of-technology,Cambridge Museum of Technology,e2,https://findanobject.collectionstrust.org.uk/,Find an Object - Collections Trust,Collections Trust,association,2026,2026-09-30,,Find an Object lists items deaccessioned from museum collections that are available for transfer to other museums or organisations within the public domain.,"A listing of items deaccessioned from museum collections that are available for transfer to other museums or organisations within the public domain; free to upload, registration required.",no,"available_transfer, accepts_requests",web_search_snippet
deutsches-museum,Deutsches Museum,e1,https://www.deutsches-museum.de/museum/geschichte/die-zukunftsinitiative,Die Zukunftsinitiative - Deutsches Museum,Deutsches Museum,official_site,,2026-09-30,,The Zukunftsinitiative (launched 2006) renovates the collection building and re-conceives the exhibitions; the first part reopened July 2022 and the museum will fully reopen in 2028.,,no,"renovation, new_exhibition",web_search_snippet
deutsches-museum,Deutsches Museum,e2,https://www.deutsches-museum.de/museum/presse/wer-wir-sind/auf-dem-weg-in-die-zukunft,Auf dem Weg in die Zukunft - Deutsches Museum,Deutsches Museum,press_release,,2026-09-30,,"In the second construction phase the remaining old exhibitions are being cleared out; thousands of objects, from aircraft to turbines, are packed and moved to depots (incl. Erding).","The remaining ""old"" exhibitions are being cleared out; thousands of objects, from aircraft to turbines, are being packed and transported to depots.",no,"exhibit_replaced, storage",web_search_snippet
glasgow-science-centre,Glasgow Science Centre,e1,https://blooloop.com/museum/news/glasgow-science-centre-revamp/,Glasgow Science Centre set for £4 million revamp | blooloop,blooloop,trade_press,,2026-09-30,,An entire floor of old exhibits at Glasgow Science Centre was replaced with the MindWorks exhibition.,,no,"exhibit_replaced, new_exhibition, renovation",web_search_snippet
glasgow-science-centre,Glasgow Science Centre,e2,https://www.glasgowsciencecentre.org/support-us/connect,Connect | Glasgow Science Centre,Glasgow Science Centre,official_site,,2026-09-30,,"The £4m Connect programme extends the centre's exhibitions, spaces and outreach.",,no,"renovation, new_exhibition",web_search_snippet
glasgow-science-centre,Glasgow Science Centre,e3,https://www.glasgowsciencecentre.org/our-blog/our-outer-space-transformation,Our outer space transformation | Glasgow Science Centre,Glasgow Science Centre,official_site,2021,2026-09-30,,The £4.2m transformation of the centre's external spaces (Connect Outer Space) was completed in 2021.,,no,renovation,web_search_snippet
heureka,"Heureka, the Finnish Science Centre",e1,https://www.heureka.fi/en/pages/heureka-overseas-productions,Heureka Overseas Productions – Tiedekeskus Heureka,Heureka,official_site,,2026-09-30,,Since 2003 Heureka Overseas Productions Ltd has handled rentals and sales of Heureka's travelling exhibitions; exhibitions fit into 2–6 containers and have travelled to nearly thirty countries.,Heureka offers both rental and sales turnkey packages; since 2003 Heureka Overseas Productions Ltd has been responsible for the rentals and sales of Heureka's traveling exhibitions; all exhibitions fit to 2–6 containers.,no,"for_sale, touring_for_hire, international_ok, willing_sale",web_search_snippet
heureka,"Heureka, the Finnish Science Centre",e2,https://www.heureka.fi/en/pages/hop-catalogue,Heureka Overseas Productions - Catalogue,Heureka,official_site,,2026-09-30,,"The HOP catalogue lists touring exhibitions and exhibit copies (e.g. Power of Play, Our Journey in Space, Classic Collection); enquiries to Irmeli Jyrinsalo, hop@heureka.fi.","HOP manages touring exhibitions and exhibit copies; Power of Play is a 600 m² exhibition with 24 interactive exhibits available for travelling in early 2025; inquiries to Irmeli Jyrinsalo, Senior Export Advisor, hop@heureka.fi.",no,"for_sale, touring_for_hire, accepts_requests, contact",web_search_snippet
ingenium-cstm,Canada Science and Technology Museum (Ingenium),e1,https://ingenium.ca/en/collections-research/collection/,Collection - Ingenium,Ingenium,official_site,,2026-09-30,,"Ingenium curators periodically remove duplicative, over-represented or poor-condition artifacts; objects approved for deaccessioning are first offered to other Canadian museums, then disposed of per accepted practice.","Objects approved for deaccessioning are first offered to other Canadian museums, and if other museums express no interest, the objects are disposed of in accordance with accepted museum practices.",no,deaccession_policy,web_search_snippet
ingenium-cstm,Canada Science and Technology Museum (Ingenium),e2,https://ingeniumcanada.org/channel/articles/artifacts-and-asbestos-managing-hazards-at-ingenium,Artifacts and asbestos: Managing hazards at Ingenium | The Channel,Ingenium,official_site,,2026-09-30,,Objects with friable asbestos that cannot be handled safely may be considered for deaccession.,,no,deaccession_policy,web_search_snippet
miraikan,Miraikan – The National Museum of Emerging Science and Innovation,e1,https://www.miraikan.jst.go.jp/en/resources/exhibitions2023.html,Renewal Open of Permanent Exhibition 2023 | Miraikan,Miraikan,official_site,2023-11-22,2026-09-30,,"On 22 November 2023 Miraikan opened four new permanent exhibitions (robots, global environment, aging…), renewing its permanent galleries; the Geo-Cosmos display was upgraded with LED panels.",,no,"renovation, new_exhibition, exhibit_replaced",web_search_snippet
moas-daytona,Museum of Arts & Sciences (MOAS),e1,https://www.observerlocalnews.com/news/2025/aug/08/moas-closes-childrens-museum-marking-start-of-upcoming-major-transformation/,"MOAS closes Children's Museum, marking start of upcoming major transformation",Observer Local News,news,2025-08-08,2026-09-30,,MOAS closed its Children's Museum in 2025 ahead of a major expansion; many interactive elements were to be donated to Burns Science and Technology Charter School (Oak Hill).,,no,"closure, renovation, exhibit_replaced, already_transferred",web_search_snippet
montana-science-center,Montana Science Center,e1,https://www.ypradio.org/regional-news/2024-09-26/montana-science-center-closes-after-23-years-in-bozeman,Montana Science Center closes after 23 years in Bozeman | YPR,Yellowstone Public Radio,news,2024-09-26,2026-09-30,,The Montana Science Center closed permanently after 24 September 2024; the board dissolved the organisation and planned to find new homes for exhibits with nonprofits fulfilling similar missions.,"After the doors closed, the non-profit planned to return donated assets and try to find new homes for exhibits and the hands-on experiences to nonprofits fulfilling similar missions; board chair Lauri Moss said ""we simply could not afford to keep the doors open any longer.""",no,"closure, available_transfer, willing_transfer",web_search_snippet
montana-science-center,Montana Science Center,e2,https://www.bozemandailychronicle.com/news/education/heartbreaking-decision-montana-science-center-closes-after-two-decades-in-bozeman/article_6fde5f3e-7c5b-11ef-bfb9-afb44042e0b8.html,'Heartbreaking decision': Montana Science Center closes after two decades in Bozeman,Bozeman Daily Chronicle,news,2024-09,2026-09-30,,Local press confirms the permanent closure of the Montana Science Center in September 2024.,,no,closure,web_search_snippet
mosi-tampa,"Museum of Science & Innovation (MOSI, formerly Museum of Science & Industry)",e1,https://en.wikipedia.org/wiki/Museum_of_Science_&_Industry_(Tampa),Museum of Science & Industry (Tampa) - Wikipedia,Wikipedia,other,,2026-09-30,,On 13 August 2017 MOSI closed 85% of its facility; portions of legacy exhibits were eliminated and items including the large dinosaurs were sold; the name changed to Museum of Science & Innovation in January 2026.,,no,"closure, exhibit_replaced, already_transferred",web_search_snippet
mosi-tampa,"Museum of Science & Innovation (MOSI, formerly Museum of Science & Industry)",e2,https://www.wusf.org/science-space/2026-01-28/tampas-mosi-gets-a-new-name-and-an-expanded-learning-space,Tampa's MOSI gets a new name and an expanded learning space,WUSF,news,2026-01-28,2026-09-30,,MOSI adopted a new name and expanded its learning space in January 2026.,,no,new_exhibition,web_search_snippet
museum-of-science-boston,"Museum of Science, Boston",e1,https://www.mos.org/public-science-common/construction-updates,Construction and Closure Updates | Museum of Science,Museum of Science,official_site,2025,2026-09-30,,"The museum is renovating 10,000 sq ft of the Blue Wing into the Public Science Common (completion 2026); the Museum Then and Now exhibit closed in 2025 and the Garden Walk and Insect Zoo closed permanently from 2024.",,no,"renovation, exhibit_replaced, new_exhibition",web_search_snippet
museum-of-science-boston,"Museum of Science, Boston",e2,https://www.wbur.org/news/2024/05/15/boston-museum-of-science-renovation-construction-charles-river-newsletter,A look inside the Boston Museum of Science's big renovation plans,WBUR,news,2024-05-15,2026-09-30,,Press coverage of the museum's renovation programme.,,no,renovation,web_search_snippet
national-railway-museum,National Railway Museum,e1,https://www.railwaymuseum.org.uk/about-us/press-office/national-railway-museum-opens-wonderlab-bramall-gallery,National Railway Museum Opens Wonderlab: The Bramall Gallery,National Railway Museum,press_release,2023-07,2026-09-30,,"The NRM opened Wonderlab, an interactive engineering gallery in the 1,500 m² former locomotive workshop, on 22 July 2023.",,no,new_exhibition,web_search_snippet
national-railway-museum,National Railway Museum,e2,https://www.railwaymuseum.org.uk/about-us/press-office/plans-approved-national-railway-museums-central-hall,Plans approved for National Railway Museum's Central Hall,National Railway Museum,press_release,,2026-09-30,,"Vision 2025 includes a new Central Hall, a Railway Futures gallery, improvements to Great Hall and North Shed, and a new collection building at Shildon.",,no,"renovation, new_exhibition",web_search_snippet
national-railway-museum,National Railway Museum,e3,https://www.museumsassociation.org/museums-journal/news/2017/08/23082017-national-railway-museum-in-disposal-controversy/,National Railway Museum in disposal controversy,Museums Association,trade_press,2017-08-23,2026-09-30,,In 2017 the NRM deaccessioned T3 locomotive No. 563 and transferred it to the Swanage Railway as part of a collections review.,,no,"deaccession_in_progress, already_transferred",web_search_snippet
national-railway-museum,National Railway Museum,e4,https://www.sciencemuseumgroup.org.uk/our-work/our-collection/managing-collection,Managing the collection | Science Museum Group,Science Museum Group,official_site,,2026-09-30,,A Southern Region 4VEP electric unit at the NRM was offered for transfer as a duplicate and collected by the East Kent Railway in late 2016.,,no,already_transferred,web_search_snippet
ontario-science-centre,Ontario Science Centre,e1,https://www.ctvnews.ca/toronto/article/the-ontario-science-centre-is-being-packed-up-following-its-abrupt-closure-here-is-a-look-inside/,The Ontario Science Centre is being packed up following its abrupt closure,CTV News,news,2024,2026-09-30,,"After the abrupt closure the centre was packed up; most exhibits were moved to storage by 31 October 2024, including a government-owned facility at 101 Resources Road.","By October 31, 2024, most exhibits were moved to storage; a government-owned storage facility at 101 Resources Road was identified for the Science Centre exhibits, artifacts and items.",no,"closure, storage",web_search_snippet
ontario-science-centre,Ontario Science Centre,e2,https://globalnews.ca/news/11252077/ont-science-centre/,"'The biggest betrayal': A year on, staff grieve Ontario Science Centre's snap closure",Global News / Canadian Press,news,2025,2026-09-30,,"A year after closure, materials are stored at Resources Road (with reported pest problems) and the exhibit-building department is at a virtual standstill.",,no,storage,web_search_snippet
ontario-science-centre,Ontario Science Centre,e3,https://www.canadianarchitect.com/ontario-science-centre-opening-interim-location-at-harbourfront-centre-by-summer-2026/,Ontario Science Centre Opening Interim Location at Harbourfront Centre by Summer 2026,Canadian Architect,trade_press,2025,2026-09-30,,The province announced an interim Science Centre location at Harbourfront Centre to open by summer 2026; a new building at Ontario Place is planned.,,no,"relocation, new_exhibition",web_search_snippet
ontario-science-centre,Ontario Science Centre,e4,https://www.auditor.on.ca/en/content/annualreports/arreports/en23/AR_sciencecentres_en23.pdf,Value-for-Money Audit: Science Centres (2023),Office of the Auditor General of Ontario,government,2023-12,2026-09-30,,The Auditor General found the relocation decision was not fully informed and made without a clear plan for the old site.,,no,relocation,web_search_snippet
pacific-science-center,Pacific Science Center,e1,https://www.geekwire.com/2025/pacific-science-center-tries-to-survive-as-it-plans-makerspace-expansion-eyes-real-estate-deal/,"Pacific Science Center tries to survive as it plans makerspace expansion, eyes real estate deal",GeekWire,news,2025,2026-09-30,,Many exhibit spaces sit empty and some house dated displays; the CEO said the institution's future is not certain; deficits in FY2023 and FY2024.,,no,exhibit_replaced,web_search_snippet
pacific-science-center,Pacific Science Center,e2,https://www.king5.com/article/news/local/seattle/pacific-science-center-campus-sale-space-needle/281-34a36747-ad61-4fda-bf05-37f4dde936dd,Pacific Science Center sells part of campus for $17.25 million,KING 5,news,2025,2026-09-30,,"PSC sold part of its campus — Carnevali Pavilion, Boeing IMAX Theater and part of the Ackerley Family Exhibit Gallery — to the Space Needle.",,no,"relocation, exhibit_replaced",web_search_snippet
pacific-science-center,Pacific Science Center,e3,https://www.king5.com/article/news/local/pacific-science-center-close-five-weeks-40-year-old-dinosaur-exhibit-going-extinct/281-3d79bf1b-d0fa-402d-9e8d-d55e9ea612f9,"Pacific Science Center to close for five weeks, 40-year-old dinosaur exhibit going extinct",KING 5,news,2025-09,2026-09-30,,PSC closed 2 Sep–10 Oct 2025 to remove 11 animatronic dinosaurs (since 1986) and prepare for new exhibits; the materials were beyond salvage.,,no,"exhibit_replaced, destroyed",web_search_snippet
powerhouse-ultimo,Powerhouse Ultimo (Museum of Applied Arts and Sciences),e1,https://www.abc.net.au/news/2024-02-04/sydney-powerhouse-museum-shutdown-three-years-renovations/103421286,Sydney's Powerhouse Museum to shut its doors for repairs,ABC News,news,2024-02-04,2026-09-30,,Powerhouse Ultimo closed on 4 February 2024 for a ~$300m revitalisation; large objects such as the Catalina flying boat and Locomotive No. 1 were relocated to the Castle Hill storage site.,,no,"renovation, closure, storage",web_search_snippet
powerhouse-ultimo,Powerhouse Ultimo (Museum of Applied Arts and Sciences),e2,https://powerhousemuseumalliance.com/news-chronology-2023-on/,News Chronology: 2023-2024 – Powerhouse Museum Alliance,Powerhouse Museum Alliance (advocacy group),other,2024,2026-09-30,,"An advocacy group states exhibition space will be halved and few of the ~3,000 displayed objects will return after renovation.",,no,exhibit_replaced,web_search_snippet
powerhouse-ultimo,Powerhouse Ultimo (Museum of Applied Arts and Sciences),e3,https://powerhouse.com.au/faq,Powerhouse FAQ,Powerhouse,official_site,,2026-09-30,,Powerhouse continues programmes at Castle Hill and Sydney Observatory during the Ultimo closure.,,no,storage,web_search_snippet
science-centre-singapore,Science Centre Singapore,e1,https://www.science.edu.sg/about-us/new-science-centre,New Science Centre | Science Centre Corporate Website,Science Centre Singapore,official_site,,2026-09-30,,"Science Centre Singapore will move to a new building in the Jurong Lake District, targeted to open around end-2027.",,no,"relocation, new_exhibition",web_search_snippet
science-centre-singapore,Science Centre Singapore,e2,https://www.moe.gov.sg/news/press-releases/20231101-groundbreaking-ceremony-for-new-science-centre,Groundbreaking Ceremony for New Science Centre | MOE,"Ministry of Education, Singapore",government,2023-11-01,2026-09-30,,"Groundbreaking for the new ~55,000 m² Science Centre took place in 2023; it will be ~25% larger than the current centre.",,no,"relocation, new_exhibition",web_search_snippet
science-centre-singapore,Science Centre Singapore,e3,https://grant-associates.uk.com/news/new-singapore-science-centre-to-open-in-2027,New Singapore Science Centre to open in 2027,Grant Associates,trade_press,,2026-09-30,,The current Jurong East centre houses over 850 exhibits in eight galleries; construction of the new building began April 2024 for completion in Q4 2027.,,no,relocation,web_search_snippet
science-museum-group,Science Museum Group (collection),e1,https://www.sciencemuseumgroup.org.uk/our-work/our-collection/managing-collection,Managing the collection | Science Museum Group,Science Museum Group,official_site,,2026-09-30,,SMG transfers items to other museums/public collections when better suited elsewhere or duplicated; priority is given to accredited museums; examples include an Altair computer (2015) and 100+ Electricity Gallery items (2016).,"SMG will look to transfer items to other museums and public collections if they are better suited to display or research by another public institution, or if they are duplicates; priority to accredited museums.",no,"deaccession_policy, already_transferred",web_search_snippet
science-museum-group,Science Museum Group (collection),e2,https://www.sciencemuseum.org.uk/sites/default/files/2025-02/2025-01-31_SMG_One_Collection_Report.pdf,Transforming access to the Science Museum Group collection: One Collection,Science Museum Group,annual_report,2025-01-31,2026-09-30,,SMG's One Collection programme is moving and reorganising the national collection into new storage (National Collections Centre).,,no,relocation,web_search_snippet
techniquest,Techniquest,e1,https://www.techniquest.org/blog/reveal-brand-new-exhibits/,We reveal brand new exhibits! • Techniquest,Techniquest,official_site,2020,2026-09-30,,"Techniquest completed its largest refurbishment (Science Capital) in May 2020 with 50+ new interactive exhibits and 60% more floor space; original classic exhibits were kept in a ""Retro"" area.",,no,"renovation, new_exhibition",web_search_snippet
techniquest,Techniquest,e2,https://en.wikipedia.org/wiki/Techniquest,Techniquest - Wikipedia,Wikipedia,other,,2026-09-30,,Techniquest is a Cardiff science discovery centre opened in 1986 (moved to Cardiff Bay in 1995).,,no,,web_search_snippet
technopolis-mechelen,Technopolis,e1,https://www.made-in.be/mechelen/wetenschappelijk-doe-centrum-technopolis-vernieuwt-hoofdexpo-maar-enkele-klassiekers-blijven-behouden/,Wetenschappelijk doe-centrum Technopolis vernieuwt hoofdexpo: 'Maar enkele klassiekers blijven behouden',Made in Mechelen,news,2022,2026-09-30,nl,"In autumn 2022 Technopolis unveiled a renewed main exhibition; some classic installations (bike on a cable, bed of nails) were retained and new installations added — implying others were replaced.",,no,"renovation, new_exhibition, exhibit_replaced",web_search_snippet
technopolis-mechelen,Technopolis,e2,https://www.madeinmechelen.be/nieuws/investering-van-10-miljoen-voor-technopolis/,Investering van 10 miljoen voor Technopolis,Made in Mechelen,news,2019,2026-09-30,nl,In 2019 the Flemish government committed €10 million to a thorough renewal of Technopolis.,,no,renovation,web_search_snippet
technopolis-mechelen,Technopolis,e3,https://www.technopolis.be/en/expositions/new-main-exhibition/,Hoofdexpo - Technopolis,Technopolis,official_site,,2026-09-30,,Technopolis presents its new main exhibition on the official site.,,no,new_exhibition,web_search_snippet
we-the-curious,We The Curious,e1,https://museumsandheritage.com/advisor/posts/a-whirlwind-we-the-curious-reopens-two-years-after-fire/,'A whirlwind': We The Curious reopens two years after fire,Museums + Heritage Advisor,trade_press,2024-07,2026-09-30,,"We The Curious reopened on 2 July 2024 after closure following a 2022 fire; existing exhibits are still on display, some restored, with new additions.",,no,"renovation, new_exhibition",web_search_snippet
